Donor_Colony,PlateID,CowTagID
B,9,209
C,3,203
D,15,215
E,2,202
F,6,206
G,12,212
H,17,217
I,1,201
J,4,204
L,20,220
M,7,207
N,18,218
O,5,205
R,8,208
S,16,216
T,10,210
U,11,211
V,19,219
W,13,213
X,14,214
